date,vendor,description,amount_usd,gl_account,target_industry
2026-01-06,NOSH,NOSH newsletter / webinar sponsorship,8253.66,6200 Content,Food
2026-01-12,Webflow / SEO agency,Website + SEO retainer,11240.44,Marketing - web,
2026-01-14,LinkedIn,LinkedIn Campaign Manager - Jan,26179.5,Paid Social,
2026-01-14,Payroll allocation,SDR team cost allocation (GTM),49141.63,6500 Sales comp,
2026-01-19,Taste Radio,Podcast ad read,5106.79,Sponsorships,Beverage
2026-01-20,Referral program,Customer & investor referral payouts,9782.38,6600 Referrals,
2026-01-21,Google,Google Ads search,19492.52,6100 Advertising,
2026-01-24,Partner program,Accounting firm + broker co-marketing,20354.12,6600 Partnerships,
2026-01-26,Apollo.io,Apollo seats + data credits,5720.13,Software - sales,
2026-02-06,Webflow / SEO agency,Website + SEO retainer,10412.03,Marketing - web,
2026-02-08,Referral program,Customer & investor referral payouts,7478.23,6600 Referrals,
2026-02-10,Google,Google Ads search,14078.82,Paid search,
2026-02-11,Taste Radio,Podcast ad read,4527.11,Sponsorships,Beverage
2026-02-12,NOSH,NOSH newsletter / webinar sponsorship,6071.65,Sponsorships,Food
2026-02-13,Payroll allocation,SDR team cost allocation (GTM),49051.85,6500 Sales comp,
2026-02-13,Partner program,Accounting firm + broker co-marketing,19465.55,6600 Partnerships,
2026-02-16,Apollo.io,Apollo seats + data credits,5981.54,6400 Sales tools,
2026-02-26,LinkedIn,LinkedIn Campaign Manager - Feb,28748.86,6100-ADV,
2026-03-07,Taste Radio,Podcast ad read,5497.67,Sponsorships,Beverage
2026-03-10,Partner program,Accounting firm + broker co-marketing,19828.22,6600 Partnerships,
2026-03-10,Referral program,Customer & investor referral payouts,10702.06,6600 Referrals,
2026-03-12,Google,Google Ads search,19547.27,Paid search,
2026-03-13,Apollo.io,Apollo seats + data credits,6049.14,6400 Sales tools,
2026-03-14,Travel,Expo West travel & hotels (team of 9),41500,Travel - events,
2026-03-18,NOSH,NOSH newsletter / webinar sponsorship,8373.81,6200 Content,Food
2026-03-21,LinkedIn,LinkedIn Campaign Manager - Mar,29417.7,6100 Advertising,
2026-03-22,Payroll allocation,SDR team cost allocation (GTM),49682.94,6500 Sales comp,
2026-03-22,Webflow / SEO agency,Website + SEO retainer,10732.72,Marketing - web,
2026-03-23,New Hope Network,"Expo West booth, build & drayage",168000,6700 Events,
2026-03-25,Agency,Agency retainer - Q1,18201.6,6900 Misc marketing,
2026-04-04,Webflow / SEO agency,Website + SEO retainer,10135.4,Marketing - web,
2026-04-06,BevNET Live,BevNET Live sponsor package,38000,6700 Events,Beverage
2026-04-07,Referral program,Customer & investor referral payouts,7470.91,6600 Referrals,
2026-04-09,Taste Radio,Podcast ad read,6465.03,Sponsorships,Beverage
2026-04-14,Google,Google Ads search,18084.36,Paid search,
2026-04-14,Partner program,Accounting firm + broker co-marketing,15598.6,6600 Partnerships,
2026-04-19,NOSH,NOSH newsletter / webinar sponsorship,7879.43,Sponsorships,Food
2026-04-20,LinkedIn,LinkedIn Campaign Manager - Apr,30187.6,6100 Advertising,
2026-04-24,Apollo.io,Apollo seats + data credits,6791.33,Software - sales,
2026-04-24,Payroll allocation,SDR team cost allocation (GTM),48231.29,6500 Sales comp,
2026-05-03,Webflow / SEO agency,Website + SEO retainer,12872.63,Marketing - web,
2026-05-08,Brand agency,Brand refresh project,36000,6900 Misc marketing,
2026-05-09,Taste Radio,Podcast ad read,6070.53,Sponsorships,Beverage
2026-05-13,NOSH,NOSH newsletter / webinar sponsorship,6237.01,Sponsorships,Food
2026-05-15,Google,Google Ads search,14577.9,6100 Advertising,
2026-05-18,Payroll allocation,SDR team cost allocation (GTM),51059.62,6500 Sales comp,
2026-05-18,Partner program,Accounting firm + broker co-marketing,21764.32,6600 Partnerships,
2026-05-20,Referral program,Customer & investor referral payouts,7801.15,6600 Referrals,
2026-05-21,Apollo.io,Apollo seats + data credits,5689.85,6400 Sales tools,
2026-05-21,Newtopia Now,Booth + sponsorship,72000,6700 Events,
2026-05-23,LinkedIn,LinkedIn Campaign Manager - May,30104.99,6100 Advertising,
2026-06-07,Apollo.io,Apollo seats + data credits,6646.87,Software - sales,
2026-06-12,Webflow / SEO agency,Website + SEO retainer,10312.79,6300 Web,
2026-06-13,Agency,Agency retainer - Q2,20829.47,6900 Misc marketing,
2026-06-14,NOSH,NOSH newsletter / webinar sponsorship,8169.69,Sponsorships,Food
2026-06-15,Partner program,Accounting firm + broker co-marketing,21534.05,6600 Partnerships,
2026-06-16,Taste Radio,Podcast ad read,5869.33,Sponsorships,Beverage
2026-06-17,Referral program,Customer & investor referral payouts,10222.23,6600 Referrals,
2026-06-19,NOSH Live,NOSH Live sponsorship,34000,6700 Events,Food
2026-06-20,Payroll allocation,SDR team cost allocation (GTM),48409.43,6500 Sales comp,
2026-06-22,Google,Google Ads search,19092.65,6100 Advertising,
2026-06-25,LinkedIn,LinkedIn Campaign Manager - Jun,30020.99,6100 Advertising,
2026-07-03,LinkedIn,LinkedIn Campaign Manager - Jul,28409.22,6100-ADV,
2026-07-05,Google,Google Ads search,15125.31,6100 Advertising,
2026-07-09,Payroll allocation,SDR team cost allocation (GTM),50326.43,6500 Sales comp,
2026-07-17,Referral program,Customer & investor referral payouts,10695.49,6600 Referrals,
2026-07-19,Partner program,Accounting firm + broker co-marketing,15884.89,6600 Partnerships,
2026-07-19,Swag Co,Branded cans & swag for events,12500,6700 Events,
2026-07-22,Webflow / SEO agency,Website + SEO retainer,12537.7,6300 Web,
2026-07-24,Apollo.io,Apollo seats + data credits,5806.37,Software - sales,
2026-07-24,NOSH,NOSH newsletter / webinar sponsorship,8922.88,6200 Content,Food
2026-07-25,Taste Radio,Podcast ad read,4664.9,Sponsorships,Beverage
2026-08-03,Referral program,Customer & investor referral payouts,10786.02,6600 Referrals,
2026-08-07,Payroll allocation,SDR team cost allocation (GTM),48164.51,6500 Sales comp,
2026-08-07,Webflow / SEO agency,Website + SEO retainer,10439.49,Marketing - web,
2026-08-10,Taste Radio,Podcast ad read,6224.8,Sponsorships,Beverage
2026-08-11,LinkedIn,LinkedIn Campaign Manager - Aug,33529.28,6100-ADV,
2026-08-14,Partner program,Accounting firm + broker co-marketing,18407.05,6600 Partnerships,
2026-08-16,Google,Google Ads search,15651.26,6100 Advertising,
2026-08-19,Apollo.io,Apollo seats + data credits,6885.07,Software - sales,
2026-08-20,SuperZoo,SuperZoo booth,46000,6700 Events,Pet
2026-08-26,NOSH,NOSH newsletter / webinar sponsorship,7383.92,6200 Content,Food
2026-09-04,LinkedIn,LinkedIn Campaign Manager - Sep,29477.97,6100-ADV,
2026-09-05,Referral program,Customer & investor referral payouts,8112.04,6600 Referrals,
2026-09-07,NOSH,NOSH newsletter / webinar sponsorship,8313.37,6200 Content,Food
2026-09-15,Apollo.io,Apollo seats + data credits,6930.58,6400 Sales tools,
2026-09-15,Taste Radio,Podcast ad read,6055.06,Sponsorships,Beverage
2026-09-16,Partner program,Accounting firm + broker co-marketing,21132.85,6600 Partnerships,
2026-09-17,Agency,Agency retainer - Q3,19435.21,6900 Misc marketing,
2026-09-18,Google,Google Ads search,17036.25,6100 Advertising,
2026-09-18,Payroll allocation,SDR team cost allocation (GTM),50781.62,6500 Sales comp,
2026-09-19,Webflow / SEO agency,Website + SEO retainer,12406.09,6300 Web,
2026-09-19,Indie Beauty Expo,IBE booth + samples,29000,6700 Events,Beauty & Personal Care
